1,16/08/2016,45.098,45.438,44.681999,44.722
2,17/08/2016,44.866001,44.966,44.560001,44.647999
3,18/08/2016,44.764,45.132,44.458,44.702
4,19/08/2016,44.708,45.034,44.506001,45
5,22/08/2016,44.834,45.021999,44.535999,44.585999
6,23/08/2016,44.863998,45.698002,44.560001,44.967999
7,24/08/2016,45.41,45.43,44.444,44.523998
8,25/08/2016,44.622002,44.759998,44.153999,44.192001
9,26/08/2016,44.428001,44.571999,43.764,43.998001
10,29/08/2016,44.029999,44.080002,43,43.040001
11,30/08/2016,43.222,43.222,42.104,42.268002
12,31/08/2016,42.085999,42.52,41.73,42.402
13,01/09/2016,41.801998,42.220001,40.099998,40.153999
14,02/09/2016,40.466,40.639999,39.240002,39.556
15,06/09/2016,39.804001,40.650002,39.799999,40.566002
16,07/09/2016,41.099998,41.299999,40.141998,40.341999
17,08/09/2016,39.91,39.978001,39.271999,39.472
18,09/09/2016,39.818001,39.984001,38.740002,38.894001
19,12/09/2016,39,40.273998,38.82,39.66
20,13/09/2016,39.411999,39.698002,38.689999,39.209999
21,14/09/2016,39.150002,39.584,38.972,39.282001
22,15/09/2016,39.298,40.504002,39.279999,40.084
23,16/09/2016,40.084,41.139999,39.799999,41.080002
24,19/09/2016,41.400002,41.886002,41,41.268002
25,20/09/2016,41.369999,41.549999,40.782001,40.928001
26,21/09/2016,41.273998,41.400002,40.312,41.043999
27,22/09/2016,41.279999,41.456001,40.599998,41.285999
28,23/09/2016,41.198002,42.035999,41.133999,41.490002
29,26/09/2016,41.299999,42.200001,41.299999,41.798
30,27/09/2016,41.93,41.995998,40.922001,41.161999
31,28/09/2016,41.501999,41.650002,41.051998,41.254002
32,29/09/2016,41.119999,41.466,40.116001,40.139999
33,30/09/2016,40.442001,40.995998,39.91,40.806
34,03/10/2016,42.459999,43.133999,41.650002,42.740002
35,04/10/2016,42.619999,42.664001,41.764,42.282001
36,05/10/2016,42.448002,42.630001,41.624001,41.692001
37,06/10/2016,40.492001,40.841999,40.042,40.200001
38,07/10/2016,40.200001,40.264,39.16,39.321999
39,10/10/2016,40.27,40.827999,39.931999,40.189999
40,11/10/2016,40.369999,40.439999,39.661999,40.02
41,12/10/2016,40.189999,40.776001,40.084,40.301998
42,13/10/2016,40.099998,40.18,39.41,40.048
43,14/10/2016,40.132,40.285999,39.259998,39.301998
44,17/10/2016,39.41,39.678001,38.400002,38.792
45,18/10/2016,39.198002,39.894001,38.652,39.82
46,19/10/2016,39.948002,41.332001,39.612,40.712002
47,20/10/2016,40.424,40.599998,39.41,39.82
48,21/10/2016,39.720001,40.313999,39.481998,40.018002
49,24/10/2016,40.200001,40.790001,40.049999,40.551998
50,25/10/2016,40.580002,40.938,40.240002,40.467999
51,26/10/2016,40.200001,40.638,40.02,40.448002
52,27/10/2016,42.268002,42.740002,40.330002,40.801998
53,28/10/2016,40.799999,41.063999,39.966,39.993999
54,31/10/2016,40.498001,40.498001,39.161999,39.546001
55,01/11/2016,39.608002,39.700001,37.622002,38.158001
56,02/11/2016,38.009998,38.540001,37.501999,37.604
57,03/11/2016,37.799999,38.293999,37.408001,37.484001
58,04/11/2016,37.799999,38.692001,37.192001,38.112
59,07/11/2016,38.717999,38.858002,38.009998,38.641998
60,08/11/2016,38.757999,39.498001,38.251999,38.987999
61,09/11/2016,37.375999,38.400002,36.790001,38.012001
62,10/11/2016,38.209999,38.321999,36.084,37.07
63,11/11/2016,36.848,37.776001,36.599998,37.712002
64,14/11/2016,37.599998,37.650002,35.638,36.290001
65,15/11/2016,36.556,37.285999,36.41,36.754002
66,16/11/2016,36.529999,36.945999,36.242001,36.785999
67,17/11/2016,36.698002,37.897999,36.422001,37.731998
68,18/11/2016,38.130001,38.599998,37,37.004002
69,21/11/2016,37.007999,37.778,36.882,36.903999
70,22/11/2016,37.167999,38.293999,36.742001,38.234001
71,23/11/2016,38.122002,39.127998,37.799999,38.627998
72,25/11/2016,38.728001,39.448002,38.728001,39.330002
73,28/11/2016,39.096001,39.869999,38.91,39.223999
74,29/11/2016,39.112,39.346001,37.900002,37.914001
75,30/11/2016,38.200001,38.377998,37.5,37.880001
76,01/12/2016,37.650002,37.706001,36.200001,36.375999
77,02/12/2016,36.576,36.976002,36,36.293999
78,05/12/2016,36.501999,37.778,36.501999,37.360001
79,06/12/2016,37.104,37.316002,36.535999,37.169998
80,07/12/2016,37.23,38.68,37,38.630001
81,08/12/2016,38.41,38.5,37.908001,38.458
82,09/12/2016,38.174,38.768002,38.161999,38.436001
83,12/12/2016,38.560001,38.883999,38.236,38.486
84,13/12/2016,38.636002,40.256001,38.599998,39.630001
85,14/12/2016,39.748001,40.599998,39.352001,39.737999
86,15/12/2016,39.681999,40.147999,39.478001,39.515999
87,16/12/2016,39.616001,40.518002,39.52,40.498001
88,19/12/2016,40.498001,40.889999,39.967999,40.546001
89,20/12/2016,40.610001,41.799999,40.5,41.757999
90,21/12/2016,41.689999,42.445999,41.481998,41.540001
91,22/12/2016,41.644001,41.998001,41.299999,41.689999
92,23/12/2016,41.599998,42.689999,41.542,42.667999
93,27/12/2016,42.976002,44.450001,42.883999,43.905998
94,28/12/2016,44.306,44.759998,43.439999,43.948002
95,29/12/2016,43.712002,43.84,42.824001,42.936001
96,30/12/2016,43.259998,43.5,42.335999,42.737999
97,03/01/2017,42.972,44.066002,42.192001,43.397999
98,04/01/2017,42.950001,45.599998,42.862,45.397999
99,05/01/2017,45.284,45.495998,44.389999,45.349998
100,06/01/2017,45.386002,46.062,45.09,45.801998
101,09/01/2017,45.793999,46.383999,45.599998,46.256001
102,10/01/2017,46.400002,46.400002,45.377998,45.973999
103,11/01/2017,45.813999,45.995998,45.335999,45.945999
104,12/01/2017,45.812,46.139999,45.116001,45.917999
105,13/01/2017,46,47.57,45.917999,47.549999
106,17/01/2017,47.34,47.992001,46.874001,47.116001
107,18/01/2017,47.330002,47.942001,47.116001,47.672001
108,19/01/2017,49.450001,49.736,48.150002,48.751999
109,20/01/2017,49.091999,49.200001,48.602001,48.945999
110,23/01/2017,49.169998,50.178001,49.099998,49.784
111,24/01/2017,50,50.959999,49.93,50.922001
112,25/01/2017,51.462002,51.692001,50.360001,50.894001
113,26/01/2017,50.858002,51.147999,50.150002,50.501999
114,27/01/2017,50.276001,50.599998,49.703999,50.59
115,30/01/2017,50.506001,51.057999,49.419998,50.125999
116,31/01/2017,49.848,51.178001,49.540001,50.386002
117,01/02/2017,50.610001,50.639999,49.810001,49.848
118,02/02/2017,49.667999,50.484001,49.542,50.310001
119,03/02/2017,50.382,50.436001,49.936001,50.265999
120,06/02/2017,50.200001,51.563999,50.125999,51.554001
121,07/02/2017,51.638,52,51.284,51.495998
122,08/02/2017,51.470001,52.672001,51.240002,52.416
123,09/02/2017,53.25,54.236,53.23,53.84
124,10/02/2017,53.958,54.189999,53.222,53.846001
125,13/02/2017,54.147999,56.158001,54.102001,56.119999
126,14/02/2017,55.806,57.478001,55.722,56.195999
127,15/02/2017,56,56.448002,55.287998,55.952
128,16/02/2017,55.52,56,53.700001,53.790001
129,17/02/2017,53.16,54.577999,52.830002,54.445999
130,21/02/2017,55.09,56.279999,54.801998,55.478001
131,22/02/2017,56.062,56.689999,54.52,54.702
132,23/02/2017,52.799999,52.931999,51.112,51.198002
133,24/02/2017,50.532001,51.650002,50.040001,51.400002
134,27/02/2017,49.633999,49.672001,48.402,49.245998
135,28/02/2017,48.838001,50.200001,48.779999,49.998001
136,01/03/2017,50.835999,50.970001,49.821999,50.004002
137,02/03/2017,49.942001,50.655998,49.653999,50.096001
138,03/03/2017,50.147999,50.380001,49.799999,50.313999
139,06/03/2017,49.582001,50.34,49.501999,50.242001
140,07/03/2017,50.383999,50.778,49.664001,49.717999
141,08/03/2017,49.400002,50.014,49.063999,49.374001
142,09/03/2017,49.526001,49.731998,48.599998,48.98
143,10/03/2017,49.242001,49.299999,48.599998,48.737999
144,13/03/2017,48.964001,49.369999,48.556,49.234001
145,14/03/2017,49.222,51.624001,49.203999,51.599998
146,15/03/2017,51.400002,52.200001,50.854,51.146
147,16/03/2017,52.48,53.150002,51.812,52.41
148,17/03/2017,52.799999,53.066002,52.240002,52.299999
149,20/03/2017,52.119999,52.91,51.764,52.383999
150,21/03/2017,52.566002,52.959999,50.048,50.136002
151,22/03/2017,50.312,51.014,50.102001,51.001999
152,23/03/2017,51.077999,51.534,50.66,50.956001
153,24/03/2017,51.139999,52.778,51.001999,52.632
154,27/03/2017,52.119999,54.113998,51.950001,54.043999
155,28/03/2017,55.403999,56.136002,55,55.490002
156,29/03/2017,55.667999,55.919998,55.108002,55.476002
157,30/03/2017,55.608002,56.400002,55.442001,55.584
158,31/03/2017,55.745998,55.936001,55.264,55.66
159,03/04/2017,57.380001,59.799999,56.916,59.703999
160,04/04/2017,59.377998,60.962002,58.905998,60.740002
161,05/04/2017,60.408001,60.976002,58.84,59
162,06/04/2017,59.375999,60.388,58.82,59.740002
163,07/04/2017,59.5,60.537998,59.43,60.507999
164,10/04/2017,61.830002,62.745998,61.742001,62.478001
165,11/04/2017,62.675999,62.694,61.099998,61.742001
166,12/04/2017,61.268002,61.689999,59.264,59.368
167,13/04/2017,59.34,61.478001,59.060001,60.799999
168,17/04/2017,60.540001,60.799999,59.736,60.287998
169,18/04/2017,59.939999,60.167999,59.580002,60.049999
170,19/04/2017,60.492001,61.324001,60.422001,61.104
171,20/04/2017,61.301998,61.830002,60.046001,60.501999
172,21/04/2017,60.400002,61.279999,60.084,61.119999
173,24/04/2017,61.844002,62.110001,61.203999,61.605999
174,25/04/2017,61.599998,62.796001,61.172001,62.757999
175,26/04/2017,62.473999,62.900002,61.799999,62.034
176,27/04/2017,62.338001,62.618,61.5,61.726002
177,28/04/2017,61.966,62.959999,61.599998,62.813999
178,01/05/2017,62.976002,65.449997,62.962002,64.566002
179,02/05/2017,64.800003,65.531998,63.312,63.778
180,03/05/2017,63.534,64.306,62.09,62.203999
181,04/05/2017,61.487999,61.554001,58.152,59.091999
182,05/05/2017,59.599998,61.709999,59.360001,61.669998
183,08/05/2017,62.18,62.757999,61.164001,61.438
184,09/05/2017,61.875999,64.398003,61.82,64.251999
185,10/05/2017,64.311996,65.099998,63.624001,65.043999
186,11/05/2017,64.68,65.199997,63.919998,64.620003
187,12/05/2017,65.096001,65.400002,64.306,64.961998
188,15/05/2017,63.675999,64.040001,62.506001,63.175999
189,16/05/2017,63.518002,64.012001,63.028,63.402
190,17/05/2017,62.877998,62.925999,61.099998,61.222
191,18/05/2017,61.400002,62.787998,61.062,62.612
192,19/05/2017,63.099998,63.299999,62.040001,62.166
193,22/05/2017,62.560001,62.874001,61.360001,62.07
194,23/05/2017,62.091999,62.146,60.695999,60.771999
195,24/05/2017,61.301998,62.200001,61.080002,62.043999
196,25/05/2017,62.203999,63.394001,61.562,63.366001
197,26/05/2017,63.456001,65.098,63.262001,65.028
198,30/05/2017,65.199997,67.255997,65.152,67.019997
199,31/05/2017,67.538002,68.578003,67.031998,68.202003
200,01/06/2017,68.800003,68.975998,67.458,68.073997
201,02/06/2017,67.954002,68.575996,67.185997,67.970001
202,05/06/2017,67.699997,69.688004,66.842003,69.463997
203,06/06/2017,68.940002,71.898003,67.994003,70.57
204,07/06/2017,71.267998,72.099998,71.028,71.93
205,08/06/2017,72.75,74.379997,72.043999,74
206,09/06/2017,74.884003,75.374001,70.959999,71.463997
207,12/06/2017,71.598,72.900002,70.124001,71.802002
208,13/06/2017,73.524002,75.199997,73.321999,75.190002
209,14/06/2017,76.218002,76.849998,75.262001,76.132004
210,15/06/2017,74.5,75.092003,73.297997,75.068001
211,16/06/2017,75.596001,75.601997,74.019997,74.279999
212,19/06/2017,75,75.339996,73.559998,73.959999
213,20/06/2017,75.334,75.776001,73.945999,74.447998
214,21/06/2017,74.870003,75.398003,73.603996,75.279999
215,22/06/2017,75.598,77,74.713997,76.522003
216,23/06/2017,76.489998,77.398003,75.870003,76.690002
217,26/06/2017,77.337997,77.389999,74.620003,75.498001
218,27/06/2017,75.279999,75.279999,72.403999,72.473999
219,28/06/2017,73.335999,74.348,72.503998,74.248001
220,29/06/2017,74.122002,74.199997,70.82,72.150002
221,30/06/2017,72.741997,73.353996,71.924004,72.321999
222,03/07/2017,74.047997,74.269997,70.300003,70.524002
223,05/07/2017,69.440002,69.447998,65.265999,65.417999
224,06/07/2017,63.452,64.157997,61.259998,61.765999
225,07/07/2017,62.700001,63.400002,61.476002,62.644001
226,10/07/2017,62.580002,63.588001,60.625999,63.209999
227,11/07/2017,63.200001,65.456001,62.860001,65.444
228,12/07/2017,66.080002,66.620003,64.900002,65.903999
229,13/07/2017,66.022003,66.32,63.993999,64.681999
230,14/07/2017,64.638,65.683998,64.244003,65.556
231,17/07/2017,65.108002,65.419998,62.689999,63.914001
232,18/07/2017,63.5,65.825996,63.132,65.648003
233,19/07/2017,65.646004,66.330002,64.643997,65.052002
234,20/07/2017,65.379997,66.043999,64.839996,65.984001
235,21/07/2017,65.891998,66.251999,65.160004,65.68
236,24/07/2017,66.047997,68.68,66.001999,68.503998
237,25/07/2017,69,69.120003,66.830002,67.919998
238,26/07/2017,68.071999,69.099998,67.624001,68.769997
239,27/07/2017,69.199997,69.5,65.258003,66.891998
240,28/07/2017,67.377998,67.919998,66.501999,67.014
241,31/07/2017,67.099998,68.297997,64.208,64.694
242,01/08/2017,64.599998,64.889999,63.226002,63.914001
243,02/08/2017,63.787998,65.424004,62.243999,65.178001
244,03/08/2017,69.066002,70,68.629997,69.417999
245,04/08/2017,69.400002,71.454002,68.660004,71.382004
246,07/08/2017,71.470001,71.896004,70.550003,71.033997
247,08/08/2017,71.505997,73.716003,71.480003,73.043999
248,09/08/2017,72.199997,74,71.790001,72.706001
249,10/08/2017,72.32,73.330002,70.931999,71.080002
250,11/08/2017,71.393997,72.251999,70.723999,71.573997
251,14/08/2017,72.926003,73.531998,72.519997,72.760002
252,15/08/2017,73.040001,73.098,71.874001,72.466003
253,16/08/2017,72.599998,73.300003,72.503998,72.582001
254,17/08/2017,72.241997,72.660004,70.318001,70.384003
255,18/08/2017,70.582001,70.800003,69.160004,69.491997
256,21/08/2017,69.164001,69.164001,66.370003,67.571999
257,22/08/2017,68.225998,68.447998,67.473999,68.269997
258,23/08/2017,67.797997,70.697998,67.660004,70.554001
259,24/08/2017,70.503998,71.332001,69.947998,70.585999
260,25/08/2017,70.848,71.138,69.459999,69.610001
261,28/08/2017,69.456001,69.470001,67.944,69.132004
262,29/08/2017,67.896004,69.809998,67.75,69.472
263,30/08/2017,69.933998,70.694,69.400002,70.636002
264,31/08/2017,70.709999,71.688004,70.564003,71.18
265,01/09/2017,71.223999,71.517998,70.737999,71.080002
266,05/09/2017,70.760002,71.098,69.178001,69.917999
267,06/09/2017,69.900002,70.195999,68.311996,68.905998
268,07/09/2017,69.195999,70.496002,68.690002,70.122002
269,08/09/2017,69.797997,69.956001,68.459999,68.68
270,11/09/2017,70.269997,72.741997,70,72.737999
271,12/09/2017,72.898003,73.751999,72.080002,72.550003
272,13/09/2017,72.764,73.613998,71.917999,73.246002
273,14/09/2017,72.865997,75.592003,72.526001,75.528
274,15/09/2017,74.902,76,74.540001,75.961998
275,18/09/2017,76.050003,77.921997,75.536003,77
276,19/09/2017,76,76.477997,74.713997,75.019997
277,20/09/2017,74.599998,75.650002,74.213997,74.781998
278,21/09/2017,74.980003,75.365997,72.902,73.295998
279,22/09/2017,73.297997,73.980003,70.176003,70.218002
280,25/09/2017,70.629997,71.494003,68.575996,68.998001
281,26/09/2017,70.185997,70.248001,68.18,69.050003
282,27/09/2017,69.980003,70.297997,68.099998,68.194
283,28/09/2017,67.975998,68.550003,67.080002,67.919998
284,29/09/2017,68.372002,68.935997,67.720001,68.220001
285,02/10/2017,68.503998,68.739998,67.101997,68.306
286,03/10/2017,67.18,69.709999,66.255997,69.627998
287,04/10/2017,70.25,71.723999,69.919998,71.001999
288,05/10/2017,71.199997,71.487999,70.269997,71.066002
289,06/10/2017,70.620003,72.019997,70.449997,71.375999
290,09/10/2017,69.93,70.349998,68.533997,68.587997
291,10/10/2017,69.360001,71.125999,69.106003,71.117996
292,11/10/2017,70.778,71.519997,70.230003,70.919998
293,12/10/2017,70.589996,71.956001,70.528,71.136002
294,13/10/2017,71.396004,71.697998,70.736,71.113998
295,16/10/2017,70.751999,70.896004,69.431999,70.120003
296,17/10/2017,70.181999,71.244003,70.014,71.150002
297,18/10/2017,71.194,72.599998,70.825996,71.93
298,19/10/2017,71.112,71.43,69.639999,70.362
299,20/10/2017,70.538002,70.910004,68.867996,69.019997
300,23/10/2017,69.975998,69.989998,67.25,67.403999
301,24/10/2017,67.760002,68.559998,67.232002,67.468002
302,25/10/2017,67.339996,67.5,64.711998,65.167999
303,26/10/2017,65.556,66.045998,64.639999,65.234001
304,27/10/2017,63.950001,64.917999,63.332001,64.174004
305,30/10/2017,63.835999,64.755997,63.450001,64.015999
306,31/10/2017,64.045998,66.389999,64.036003,66.306
307,01/11/2017,66.449997,66.522003,64.052002,64.216003
308,02/11/2017,60.026001,61.737999,58.526001,59.852001
309,03/11/2017,59.900002,61.25,59.026001,61.217999
310,06/11/2017,61.400002,61.5,59.801998,60.556
311,07/11/2017,60.203999,61.299999,60.006001,61.209999
312,08/11/2017,61.099998,61.377998,60.259998,60.877998
313,09/11/2017,60.5,60.891998,59.259998,60.598
314,10/11/2017,60.5,61.672001,60.369999,60.598
315,13/11/2017,60.026001,63.360001,59.821999,63.080002
316,14/11/2017,63,63.27,61.380001,61.740002
317,15/11/2017,61.202,62.498001,60.299999,62.259998
318,16/11/2017,62.798,63.627998,62.259998,62.5
319,17/11/2017,65.134003,65.334,62.630001,63.009998
320,20/11/2017,62.757999,63.099998,60.950001,61.748001
321,21/11/2017,62.172001,63.646,61.742001,63.562
322,22/11/2017,63.354,63.484001,62.368,62.52
323,24/11/2017,62.757999,63.282001,62.200001,63.110001
324,27/11/2017,62.650002,63.467999,61.902,63.362
325,28/11/2017,63.271999,64,62.784,63.509998
326,29/11/2017,63.459999,63.599998,60.245998,61.507999
327,30/11/2017,61.712002,62.139999,60.908001,61.77
328,01/12/2017,61.088001,62.063999,61.009998,61.306
329,04/12/2017,61.299999,61.653999,60.122002,61.040001
330,05/12/2017,60.400002,61.599998,60.200001,60.740002
331,06/12/2017,60.02,62.678001,60,62.652
332,07/12/2017,62.400002,63.726002,62.209999,62.248001
333,08/12/2017,62.919998,63.396,62.251999,63.026001
334,11/12/2017,62.925999,65.802002,62.75,65.781998
335,12/12/2017,66.089996,68.288002,66.005997,68.206001
336,13/12/2017,68.185997,68.844002,67.300003,67.806
337,14/12/2017,68.202003,69.487999,67.379997,67.578003
338,15/12/2017,68.407997,68.779999,67.152,68.690002
339,18/12/2017,68.980003,69.346001,67.515999,67.774002
340,19/12/2017,68.052002,68.297997,66.059998,66.220001
341,20/12/2017,66.538002,66.620003,65.008003,65.795998
342,21/12/2017,65.917999,66.748001,65.442001,66.332001
343,22/12/2017,65.902,66.183998,64.963997,65.040001
344,26/12/2017,64.765999,64.788002,63.316002,63.458
345,27/12/2017,63.200001,63.535999,62.150002,62.327999
346,28/12/2017,62.349998,63.164001,61.908001,63.071999
347,29/12/2017,63.236,63.282001,62,62.27
348,02/01/2018,62.400002,64.421997,62.200001,64.106003
349,03/01/2018,64.199997,65.050003,63.110001,63.450001
350,04/01/2018,62.574001,63.709999,61.136002,62.924
351,05/01/2018,63.324001,63.448002,62.400002,63.316002
352,08/01/2018,63.200001,67.403999,63.099998,67.281998
353,09/01/2018,67.031998,67.760002,65.480003,66.737999
354,10/01/2018,66.440002,67.400002,66,66.959999
355,11/01/2018,67.047997,68.961998,66.652,67.589996
356,12/01/2018,67.725998,68.082001,66.734001,67.244003
357,16/01/2018,67.508003,69,66.959999,68.012001
358,17/01/2018,68.094002,69.800003,67.949997,69.431999
359,18/01/2018,69.134003,70.459999,68.748001,68.914001
360,19/01/2018,69,70.117996,68.519997,70.003998
361,22/01/2018,69.879997,71.566002,69.839996,70.311996
362,23/01/2018,72,72.099998,70.199997,70.557999
363,24/01/2018,70.916,70.949997,68.704002,69.178001
364,25/01/2018,69.653999,69.839996,67.279999,67.528
365,26/01/2018,68.300003,68.800003,67.141998,68.57
366,29/01/2018,67.970001,70.169998,67.655998,69.905998
367,30/01/2018,69.028,69.653999,68.433998,69.164001
368,31/01/2018,69.501999,71.237999,69.038002,70.862
369,01/02/2018,70.199997,71.931999,69.725998,69.849998
370,02/02/2018,69.688004,70.389999,68.101997,68.75
371,05/02/2018,67.594002,68.893997,66.599998,66.625999
372,06/02/2018,65.042,67.244003,64.699997,66.793999
373,07/02/2018,67.797997,69.199997,67.132004,69
374,08/02/2018,68.662003,69.723999,62.919998,63.046001
375,09/02/2018,63.986,64.195999,58.952,62.084
376,12/02/2018,63.226002,63.616001,61.25,63.146
377,13/02/2018,63.004002,64.837997,62.501999,64.732002
378,14/02/2018,64.167999,65.234001,63.703999,64.461998
379,15/02/2018,64.900002,66.823997,64.480003,66.814003
380,16/02/2018,66.5,68.624001,66.328003,67.098
381,20/02/2018,66.893997,68.167999,66.300003,66.954002
382,21/02/2018,67.206001,67.938004,66.634003,66.660004
383,22/02/2018,67.106003,69.487999,66.949997,69.234001
384,23/02/2018,69.566002,70.998001,69.419998,70.410004
385,26/02/2018,70.699997,71.800003,70.472,71.484001
386,27/02/2018,71.25,71.998001,70.001999,70.197998
387,28/02/2018,70.514,71.047997,68.444,68.612
388,01/03/2018,69.001999,69.734001,66.014,66.185997
389,02/03/2018,65.396004,67.043999,64.594002,67.024002
390,05/03/2018,66.477997,67.550003,65.858002,66.669998
391,06/03/2018,66.75,67.274002,65.405998,65.639999
392,07/03/2018,65.087997,66.5,64.348,66.459999
393,08/03/2018,66.571999,66.660004,65.253998,65.82
394,09/03/2018,64.82,65.697998,64.473999,65.433998
395,12/03/2018,65.722,69.442001,65.300003,69.101997
396,13/03/2018,65.722,69.442001,65.300003,68.367996
397,14/03/2018,67.351997,67.961998,64.786003,65.325996
398,15/03/2018,65.875999,66.57,64.220001,65.120003
399,16/03/2018,64.585999,65.480003,63.813999,64.269997
400,19/03/2018,63.299999,64.150002,61.933998,62.712002
401,20/03/2018,62.973999,63.25,61.751999,62.110001
402,21/03/2018,62.049999,64.487999,62.037998,63.306
403,22/03/2018,62.778,63.764,61.636002,61.82
404,23/03/2018,62.25,62.25,60.09,60.307999
405,26/03/2018,61.467999,61.518002,58.271999,60.835999
406,27/03/2018,60.799999,60.854,55.436001,55.835999
407,28/03/2018,52.916,53.736,50.419998,51.556
408,29/03/2018,51.298,54.192001,49.641998,53.226002
409,02/04/2018,51.251999,52.066002,48.917999,50.495998
410,03/04/2018,53.964001,54.669998,50.897999,53.506001
411,04/04/2018,50.556,57.674,50.400002,57.388
412,05/04/2018,57.868,61.251999,57.639999,61.144001
413,06/04/2018,60.200001,61.855999,59.099998,59.860001
414,09/04/2018,60.074001,61.900002,57.841999,57.931999
415,10/04/2018,59.793999,61.419998,58.736,60.939999
416,11/04/2018,60.147999,61.796001,59.931999,60.186001
417,12/04/2018,60.464001,60.790001,58.736,58.816002
418,13/04/2018,60.720001,60.790001,59.195999,60.068001
419,16/04/2018,59.799999,59.931999,57.801998,58.242001
420,17/04/2018,57.773998,58.433998,56.501999,57.537998
421,18/04/2018,58.216,60.048,57.632,58.669998
422,19/04/2018,58.216,60.202,57.709999,60.015999
423,20/04/2018,59.034,59.995998,57.950001,58.048
424,23/04/2018,58.257999,58.324001,56.466,56.674
425,24/04/2018,57,57.417999,55.692001,56.692001
426,25/04/2018,56.700001,57.032001,55.450001,56.138
427,26/04/2018,55.75,57.158001,55.299999,57.096001
428,27/04/2018,57.074001,58.894001,56.765999,58.816002
429,30/04/2018,58.722,59.745998,58.5,58.779999
430,01/05/2018,58.702,60.164001,58.644001,59.984001
431,02/05/2018,59.714001,61.369999,59.556,60.23
432,03/05/2018,55.757999,57.608002,55.046001,56.889999
433,04/05/2018,56.599998,59.372002,55.903999,58.818001
434,07/05/2018,59.5,61.192001,59.034,60.554001
435,08/05/2018,60.16,61.549999,59.799999,60.394001
436,09/05/2018,60.082001,61.402,60.009998,61.369999
437,10/05/2018,61.5,62.598,60.821999,61.004002
438,11/05/2018,61.540001,61.776001,59.816002,60.212002
439,14/05/2018,60.664001,60.987999,58.324001,58.394001
440,15/05/2018,57.001999,57.391998,56.099998,56.835999
441,16/05/2018,56.765999,57.762001,56.312,57.296001
442,17/05/2018,57.18,57.838001,56.793999,56.908001
443,18/05/2018,56.93,56.93,54.799999,55.363998
444,21/05/2018,56.265999,58.298,56.259998,56.897999
445,22/05/2018,57.551998,57.599998,54.683998,55.001999
446,23/05/2018,55.551998,55.981998,54.799999,55.813999
447,24/05/2018,55.68,56.222,54.978001,55.57
448,25/05/2018,55.526001,55.928001,55.122002,55.77
449,29/05/2018,55.702,57.299999,55.23,56.751999
450,30/05/2018,56.658001,59.001999,56.32,58.344002
451,31/05/2018,57.442001,58.074001,56.585999,56.945999
452,01/06/2018,57.172001,58.389999,56.768002,58.363998
453,04/06/2018,58.868,59.799999,58.709999,59.348
454,05/06/2018,59.540001,59.560001,57.348,58.226002
455,06/06/2018,60.099998,64.433998,59.495998,63.900002
456,07/06/2018,63.23,66,62.716,63.217999
457,08/06/2018,63.799999,64.896004,63.43,63.532001
458,11/06/2018,64.501999,66.931999,64.5,66.419998
459,12/06/2018,68.940002,70.994003,67.599998,68.554001
460,13/06/2018,69.342003,69.440002,67.959999,68.956001
461,14/06/2018,69.526001,71.75,69.32,71.543999
462,15/06/2018,70.767998,72.933998,70.25,71.634003
463,18/06/2018,71.080002,74.746002,70.900002,74.166
464,19/06/2018,73.031998,74,69.25,70.510002
465,20/06/2018,71.608002,72.875999,70.400002,72.444
466,21/06/2018,72.400002,73.241997,69.253998,69.501999
467,22/06/2018,70.307999,70.449997,66.400002,66.725998
468,25/06/2018,66.024002,67.694,65.5,66.601997
469,26/06/2018,67.209999,68.709999,65.160004,68.400002
470,27/06/2018,69,70.157997,67.900002,68.900002
471,28/06/2018,69.732002,71.403999,69.222,69.986
472,29/06/2018,70.666,70.772003,68.482002,68.589996
473,02/07/2018,72.014,72.956001,65.970001,67.014
474,03/07/2018,66.349998,66.498001,61.938,62.172001
475,05/07/2018,62.751999,62.877998,59.243999,61.832001
476,06/07/2018,60.990002,62.414001,60.400002,61.779999
477,09/07/2018,62.397999,63.703999,61.599998,63.702
478,10/07/2018,64.912003,65.536003,63.84,64.494003
479,11/07/2018,63.16,64.388,63.014,63.792
480,12/07/2018,64.286003,64.646004,62.554001,63.341999
481,13/07/2018,63.116001,63.916,61.849998,63.773998
482,16/07/2018,62.341999,63.032001,61.25,62.02
483,17/07/2018,61.762001,64.947998,61.700001,64.538002
484,18/07/2018,65,65.099998,63.25,64.769997
485,19/07/2018,63.265999,64.708,62.801998,64.045998
486,20/07/2018,64.246002,64.648003,62.341999,62.716
487,23/07/2018,60.368,61.099998,58.571999,60.639999
488,24/07/2018,60.883999,61.543999,58.509998,59.486
489,25/07/2018,59.348,61.924,58.900002,61.748001
490,26/07/2018,60.970001,62.139999,60.728001,61.330002
491,27/07/2018,61.450001,61.537998,59.068001,59.436001
492,30/07/2018,59.18,59.220001,57.226002,58.034
493,31/07/2018,58.450001,59.664001,57.813999,59.627998
494,01/08/2018,59.598,60.599998,58.599998,60.167999
495,02/08/2018,65.688004,69.998001,64.632004,69.907997
496,03/08/2018,69.561996,71,68.505997,69.634003
497,06/08/2018,69.092003,70.996002,68.363998,68.398003
498,07/08/2018,68.767998,77.491997,67.830002,75.914001
499,08/08/2018,73.818001,76.528,73.424004,74.068001
500,09/08/2018,73.110001,73.402,69.146004,70.489998
501,10/08/2018,70.800003,72,69.199997,71.098
502,13/08/2018,72.225998,72.638,69.804001,71.281998
503,14/08/2018,71.690002,71.839996,69.419998,69.528
504,15/08/2018,68.382004,68.898003,66.428001,67.737999
505,16/08/2018,67.982002,68.456001,66.764,67.089996
506,17/08/2018,64.699997,65.353996,60.706001,61.099998
507,20/08/2018,58.34,61.700001,57.639999,61.688
508,21/08/2018,62.122002,64.958,61.799999,64.379997
509,22/08/2018,64.174004,64.776001,62.933998,64.328003
510,23/08/2018,63.827999,65.463997,63.619999,64.019997
511,24/08/2018,64.139999,64.769997,63.880001,64.564003
512,27/08/2018,63.599998,64.487999,61.762001,63.854
513,28/08/2018,63.681999,63.776001,62.237999,62.372002
514,29/08/2018,62.054001,62.369999,60.737999,61.001999
515,30/08/2018,60.452,60.919998,59.543999,60.630001
516,31/08/2018,60.400002,61.062,59.720001,60.332001
517,04/09/2018,59.388,59.638,57.599998,57.790001
518,05/09/2018,57.009998,57.355999,55.436001,56.147999
519,06/09/2018,56.959999,58.234001,55.776001,56.189999
520,07/09/2018,52.02,53.669998,50.450001,52.647999
521,10/09/2018,54.652,57.206001,54.200001,57.099998
522,11/09/2018,55.894001,56.400002,54.709999,55.888
523,12/09/2018,56.287998,58.5,55.73,58.108002
524,13/09/2018,57.604,59,57.035999,57.891998
525,14/09/2018,57.751999,59.466,57.304001,59.040001
526,17/09/2018,58.007999,60.174,57.625999,58.967999
527,18/09/2018,59.338001,60.528,55.099998,56.992001
528,19/09/2018,56.102001,60,56.099998,59.804001
529,20/09/2018,60.712002,61.195999,58.666,59.666
530,21/09/2018,59.540001,60.116001,59.074001,59.82
531,24/09/2018,59.695999,60.599998,58.716,59.936001
532,25/09/2018,60,60.919998,59.299999,60.198002
533,26/09/2018,60.382,62.778,60.222,61.916
534,27/09/2018,62.580002,62.992001,61.382,61.504002
535,28/09/2018,54.051998,55.599998,52.112,52.953999
536,01/10/2018,61.153999,62.287998,60.209999,62.139999
537,02/10/2018,62.790001,63.368,59.830002,60.203999
538,03/10/2018,60.666,60.919998,58.313999,58.959999
539,04/10/2018,58.790001,58.799999,55.534,56.366001
540,05/10/2018,54.93,54.976002,52,52.389999
541,08/10/2018,52.903999,53.551998,49.799999,50.112
542,09/10/2018,51.049999,53.354,50.66,52.560001
543,10/10/2018,52.922001,53.102001,49.554001,51.375999
544,11/10/2018,51.506001,52.450001,49.806,50.445999
545,12/10/2018,52.200001,52.397999,50.402,51.756001
546,15/10/2018,51.812,52.655998,50.908001,51.917999
547,16/10/2018,53.139999,55.476002,52.448002,55.318001
548,17/10/2018,56.48,56.540001,53.16,54.355999
549,18/10/2018,53.858002,54.200001,52.599998,52.782001
550,19/10/2018,53.478001,53.931999,50.700001,52
551,22/10/2018,52.136002,52.372002,50.518002,52.189999
552,23/10/2018,52.773998,59.585999,52.419998,58.827999
553,24/10/2018,60.209999,60.888,57.146,57.700001
554,25/10/2018,63.444,64.199997,60.202,62.972
555,26/10/2018,61.650002,67.980003,61.330002,66.18
556,29/10/2018,67.494003,69.431999,65.300003,66.970001
557,30/10/2018,65.678001,67.580002,64.452003,65.980003
558,31/10/2018,66.508003,68.400002,65.82,67.463997
559,01/11/2018,67.652,69.568001,66.945999,68.856003
560,02/11/2018,68.748001,69.839996,68.181999,69.281998
561,05/11/2018,68.099998,68.792,66.028,68.279999
562,06/11/2018,67.814003,69.760002,67.218002,68.211998
563,07/11/2018,68.667999,70.236,68.160004,69.632004
564,08/11/2018,69.699997,71.515999,69.688004,70.279999
565,09/11/2018,69.800003,70.800003,69.045998,70.101997
566,12/11/2018,69.674004,69.956001,66.068001,66.255997
567,13/11/2018,66.632004,68.940002,66.440002,67.746002
568,14/11/2018,68.540001,69.421997,67.43,68.800003
569,15/11/2018,68.466003,69.716003,67.807999,69.688004
570,16/11/2018,69.038002,71.139999,69.024002,70.862
571,19/11/2018,71.267998,73.349998,70.575996,70.694
572,20/11/2018,68.349998,69.959999,66.709999,69.498001
573,21/11/2018,70.400002,70.620003,67.480003,67.638
574,23/11/2018,66.870003,67.5,65.110001,65.166
575,26/11/2018,65,69.244003,65,69.199997
576,27/11/2018,68.010002,69.391998,67.099998,68.783997
577,28/11/2018,69.197998,69.655998,68.442001,69.573997
578,29/11/2018,69.400002,69.5,67.910004,68.234001
579,30/11/2018,68.365997,70.32,67.652,70.096001
580,03/12/2018,72,73.199997,70.400002,71.697998
581,04/12/2018,71.209999,73.736,70.400002,71.940002
582,06/12/2018,71.202003,73.475998,70.152,72.612
583,07/12/2018,73.800003,75.898003,71.529999,71.594002
584,10/12/2018,72,73.195999,70.624001,73.029999
585,11/12/2018,73.982002,74.433998,72.045998,73.351997
586,12/12/2018,73.884003,74.382004,73.031998,73.32
587,13/12/2018,74.029999,75.487999,73.349998,75.358002
588,14/12/2018,75,75.573997,72.865997,73.141998
589,17/12/2018,72.400002,73.139999,68.776001,69.683998
590,18/12/2018,70.108002,70.309998,66.737999,67.405998
591,19/12/2018,67.519997,69.402,65.947998,66.594002
592,20/12/2018,65.410004,66.057999,62.374001,63.076
593,21/12/2018,63.48,64.694,62.487999,63.953999
594,24/12/2018,62.700001,62.900002,59.040001,59.077999
595,26/12/2018,60,65.393997,58.818001,65.218002
596,27/12/2018,63.967999,64.433998,60.299999,63.226002
597,28/12/2018,64.620003,67.248001,63.681999,66.774002
598,31/12/2018,67.557999,67.842003,65.052002,66.559998
599,02/01/2019,61.220001,63.026001,59.759998,62.023998
600,03/01/2019,61.400002,61.880001,59.476002,60.071999
601,04/01/2019,61.200001,63.599998,60.546001,63.537998
602,07/01/2019,64.344002,67.348,63.549999,66.991997
603,08/01/2019,68.391998,68.802002,65.403999,67.07
604,09/01/2019,67.099998,68.699997,66.293999,67.706001
605,10/01/2019,66.879997,69.078003,66.358002,68.994003
606,11/01/2019,68.417999,69.681999,67.753998,69.452003
607,14/01/2019,68.475998,68.5,66.800003,66.879997
608,15/01/2019,67,69.760002,66.900002,68.886002
609,16/01/2019,68.956001,70.400002,68.699997,69.209999
610,17/01/2019,69.241997,70.300003,68.830002,69.461998
611,18/01/2019,64.599998,65.426003,59.945999,60.452
612,22/01/2019,60.964001,61.599998,59.099998,59.784
613,23/01/2019,58.5,58.900002,56.338001,57.518002
614,24/01/2019,56.605999,58.736,55.855999,58.301998
615,25/01/2019,58.877998,59.703999,57.91,59.408001
616,28/01/2019,58.582001,59.492001,57.549999,59.276001
617,29/01/2019,59.054001,59.712002,58.360001,59.492001
618,30/01/2019,60.09,61.799999,59.698002,61.754002
619,31/01/2019,60.200001,62.312,58.799999,61.403999
620,01/02/2019,61.084,63.220001,60.700001,62.442001
621,04/02/2019,62.596001,63.060001,60.375999,62.577999
622,05/02/2019,62.498001,64.487999,62.450001,64.269997
623,06/02/2019,63.917999,64.848,63.124001,63.444
624,07/02/2019,62.66,62.939999,60.599998,61.501999
625,08/02/2019,61.366001,61.490002,59.700001,61.16
626,11/02/2019,62.32,63.720001,62.099998,62.568001
627,12/02/2019,63.240002,63.638,61.924,62.362
628,13/02/2019,62.470001,62.549999,61.113998,61.633999
629,14/02/2019,60.675999,61.354,60.200001,60.754002
630,15/02/2019,60.900002,61.599998,60.779999,61.576
631,19/02/2019,61.312,62.307999,61.094002,61.127998
632,20/02/2019,60.882,61.259998,59.799999,60.512001
633,21/02/2019,60.362,60.647999,58.099998,58.245998
634,22/02/2019,58.897999,59.299999,58.419998,58.942001
635,25/02/2019,59.582001,60.580002,59.400002,59.754002
636,26/02/2019,58.444,60.402,57.754002,59.571999
637,27/02/2019,60.355999,63.259998,60.110001,62.948002
638,28/02/2019,63.784,64,62.161999,63.976002
639,01/03/2019,61.388,61.425999,58.380001,58.958
640,04/03/2019,59.624001,59.799999,56.556,57.071999
641,05/03/2019,56.400002,56.799999,54.02,55.307999
642,06/03/2019,55.296001,56.301998,54.877998,55.248001
643,07/03/2019,55.768002,56.939999,54.849998,55.318001
644,08/03/2019,55.382,57.118,55.178001,56.827999
645,11/03/2019,56.703999,58.256001,56.099998,58.183998
646,12/03/2019,57.298,57.613998,56.212002,56.672001
647,13/03/2019,56.779999,58.397999,56.540001,57.792
648,14/03/2019,58.490002,59.077999,57.658001,57.992001
649,15/03/2019,56.702,56.743999,54.880001,55.085999
650,18/03/2019,55.200001,55.610001,53.459999,53.897999
651,19/03/2019,53.5,54.66,52.692001,53.493999
652,20/03/2019,53.938,54.993999,53.259998,54.720001
653,21/03/2019,54.52,55.290001,53.689999,54.804001
654,22/03/2019,54.515999,54.560001,52.799999,52.905998
655,25/03/2019,51.942001,52.636002,50.891998,52.084
656,26/03/2019,52.888,54.051998,52.886002,53.554001
657,27/03/2019,53.75,55.074001,53.636002,54.966
658,28/03/2019,55.431999,56.066002,55.02,55.723999
659,29/03/2019,55.740002,56.032001,54.900002,55.972
660,01/04/2019,56.523998,57.84,56.256001,57.835999
661,02/04/2019,57.66,57.888,56.776001,57.175999
662,03/04/2019,57.464001,59.234001,57.433998,58.362
663,04/04/2019,52.377998,54.240002,52.118,53.556
664,05/04/2019,53.972,55.220001,53.222,54.992001
665,08/04/2019,55.537998,56.231998,54.088001,54.639999
666,09/04/2019,54.330002,55,53.922001,54.462002
667,10/04/2019,55.348,55.675999,54.577999,55.212002
668,11/04/2019,53.66,54.099998,53.119999,53.683998
669,12/04/2019,54.043999,54.389999,53.366001,53.540001
670,15/04/2019,53.726002,53.776001,51.726002,53.276001
671,16/04/2019,53.150002,55,52.944,54.672001
672,17/04/2019,54.950001,54.958,53.708,54.245998
673,18/04/2019,54.245998,54.967999,53.950001,54.652
674,22/04/2019,53.799999,53.936001,52.495998,52.549999
675,23/04/2019,52.029999,53.119999,51.150002,52.779999
676,24/04/2019,52.77,53.063999,51.599998,51.731998
677,25/04/2019,51,51.799999,49.214001,49.526001
678,26/04/2019,49.299999,49.335999,46.226002,47.028
679,29/04/2019,47.172001,48.796001,46.433998,48.293999
680,30/04/2019,48.411999,48.841999,47.400002,47.737999
681,01/05/2019,47.77,48,46.299999,46.801998
682,02/05/2019,49.104,49.425999,47.543999,48.82
683,03/05/2019,48.771999,51.321999,48.698002,51.006001
684,06/05/2019,50.004002,51.669998,49.700001,51.068001
685,07/05/2019,51.360001,51.442001,49.02,49.411999
686,08/05/2019,49.388,50.119999,48.84,48.967999
687,09/05/2019,48.400002,48.736,47.388,48.396
688,10/05/2019,47.950001,48.397999,47.203999,47.903999
689,13/05/2019,46.402,46.493999,44.900002,45.402
690,14/05/2019,45.860001,46.900002,45.599998,46.462002
691,15/05/2019,45.863998,46.487999,45.049999,46.389999
692,16/05/2019,45.897999,46.200001,45.299999,45.666
693,17/05/2019,44.391998,44.448002,41.784,42.206001
694,20/05/2019,40.560001,41.200001,39.049999,41.071999
695,21/05/2019,39.551998,41.48,39.208,41.015999
696,22/05/2019,39.82,40.787998,38.355999,38.546001
697,23/05/2019,38.868,39.894001,37.243999,39.098
698,24/05/2019,39.966,39.995998,37.75,38.125999
699,28/05/2019,38.240002,39,37.57,37.740002
700,29/05/2019,37.419998,38.478001,37.007999,37.972
701,30/05/2019,37.75,38.452,37.403999,37.644001
702,31/05/2019,37.02,37.984001,36.82,37.032001
703,03/06/2019,37.102001,37.335999,35.397999,35.793999
704,04/06/2019,36.220001,38.796001,35.922001,38.720001
705,05/06/2019,39.736,40.256001,38.369999,39.318001
706,06/06/2019,40.888,42.200001,40.360001,41.189999
707,07/06/2019,41,42.167999,40.700001,40.900002
708,10/06/2019,42.049999,43.388,41.801998,42.576
709,11/06/2019,43.827999,44.18,42.700001,43.419998
710,12/06/2019,44.59,44.675999,41.799999,41.852001
711,13/06/2019,42.076,42.98,41.501999,42.782001
712,14/06/2019,42.25,43.330002,42.080002,42.984001
713,17/06/2019,43.096001,45.400002,42.854,45.006001
714,18/06/2019,45.743999,46.948002,44.512001,44.948002
715,19/06/2019,45.021999,45.554001,44.212002,45.285999
716,20/06/2019,44.599998,45.380001,43.27,43.924
717,21/06/2019,43.243999,44.436001,43.099998,44.372002
718,24/06/2019,44.647999,45.172001,44.203999,44.728001
719,25/06/2019,44.877998,45.068001,43.897999,43.952
720,26/06/2019,44.062,45.445999,43.619999,43.854
721,27/06/2019,43.889999,44.580002,43.470001,44.568001
722,28/06/2019,44.198002,45.034,44.16,44.692001
723,01/07/2019,46.042,46.619999,45.256001,45.433998
724,02/07/2019,45.778,45.830002,44.444,44.91
725,03/07/2019,47.877998,48.313999,46.902,46.98
726,05/07/2019,46.914001,47.09,46.16,46.619999
727,08/07/2019,46.248001,46.450001,45.731998,46.068001
728,09/07/2019,45.793999,46.200001,45.456001,46.012001
729,10/07/2019,46.830002,47.787998,46.627998,47.784
730,11/07/2019,47.627998,48.299999,47.16,47.720001
731,12/07/2019,47.950001,49.076,47.942001,49.015999
732,15/07/2019,49.599998,50.883999,48.972,50.700001
733,16/07/2019,49.860001,50.706001,49.585999,50.476002
734,17/07/2019,51.133999,51.661999,50.669998,50.972
735,18/07/2019,51.009998,51.150002,50.377998,50.708
736,19/07/2019,51.138,51.992001,50.924,51.636002
737,22/07/2019,51.75,52.43,50.838001,51.136002
738,23/07/2019,51.341999,52.096001,50.900002,52.034
739,24/07/2019,51.834,53.214001,51.632,52.976002
740,25/07/2019,46.700001,46.900002,45.110001,45.764
741,26/07/2019,45.383999,46.051998,44.450001,45.608002
742,29/07/2019,45.417999,47.188,45.206001,47.153999
743,30/07/2019,46.580002,48.672001,46.436001,48.452
744,31/07/2019,48.599998,49.335999,47.330002,48.321999
745,01/08/2019,48.529999,48.902,46.354,46.77
746,02/08/2019,46.27,47.254002,45.846001,46.868
747,05/08/2019,45.919998,46.273998,45.155998,45.664001
748,06/08/2019,46.375999,46.5,45.150002,46.150002
749,07/08/2019,45.299999,46.714001,45.16,46.683998
750,08/08/2019,46.889999,47.959999,46.529999,47.66
751,09/08/2019,47.209999,47.792,46.762001,47.001999
752,12/08/2019,46.598,47.153999,45.75,45.801998
753,13/08/2019,45.762001,47.200001,45.509998,47
754,14/08/2019,46.242001,46.299999,43.338001,43.924
755,15/08/2019,44.172001,44.312,42.310001,43.127998
756,16/08/2019,43.332001,44.448002,43.203999,43.987999
757,19/08/2019,44.841999,45.566002,44.34,45.366001
758,20/08/2019,45.523998,45.818001,44.908001,45.172001
759,21/08/2019,44.402,44.644001,43.52,44.166
760,22/08/2019,44.560001,45.080002,43.644001,44.43
761,23/08/2019,43.993999,44.234001,42.200001,42.279999
762,26/08/2019,42.720001,43.004002,42.307999,43
763,27/08/2019,43.147999,43.759998,42.405998,42.816002
764,28/08/2019,42.737999,43.450001,42.462002,43.118
765,29/08/2019,43.799999,44.68,43.599998,44.341999
766,30/08/2019,45.830002,46.487999,44.841999,45.122002
767,03/09/2019,44.816002,45.790001,44.632,45.001999
768,04/09/2019,45.377998,45.692001,43.841999,44.136002
769,05/09/2019,44.5,45.959999,44.169998,45.916
770,06/09/2019,45.439999,45.928001,45.034,45.490002
771,09/09/2019,46,46.751999,45.846001,46.358002
772,10/09/2019,46.16,47.108002,45.787998,47.108002
773,11/09/2019,47.476002,49.633999,47.200001,49.419998
774,12/09/2019,49.540001,50.700001,48.880001,49.174
775,13/09/2019,49.391998,49.689999,48.973999,49.040001
776,16/09/2019,49.200001,49.486,48.234001,48.562
777,17/09/2019,48.493999,49.119999,48.074001,48.958
778,18/09/2019,49,49.633999,48.473999,48.698002
779,19/09/2019,49.200001,49.588001,48.967999,49.32
780,20/09/2019,49.298,49.389999,47.632,48.124001
781,23/09/2019,48,49.035999,47.844002,48.245998
782,24/09/2019,48.304001,48.397999,44.521999,44.641998
783,25/09/2019,44.911999,45.796001,43.672001,45.740002
784,26/09/2019,46.132,48.661999,45.48,48.512001
785,27/09/2019,48.439999,49.742001,47.745998,48.425999
786,30/09/2019,48.599998,48.796001,47.222,48.174
787,01/10/2019,48.299999,49.189999,47.826,48.938
788,02/10/2019,48.658001,48.93,47.886002,48.625999
789,03/10/2019,46.372002,46.896,44.855999,46.605999
790,04/10/2019,46.321999,46.956001,45.613998,46.285999
791,07/10/2019,45.959999,47.712002,45.709999,47.543999
792,08/10/2019,47.174,48.787998,46.900002,48.009998
793,09/10/2019,48.264,49.459999,48.130001,48.905998
794,10/10/2019,49.056,49.855999,48.316002,48.948002
795,11/10/2019,49.43,50.216,49.362,49.577999
796,14/10/2019,49.580002,51.709999,49.425999,51.391998
797,15/10/2019,51.540001,52,50.824001,51.577999
798,16/10/2019,51.478001,52.419998,51.383999,51.950001
799,17/10/2019,52.5,52.956001,52.034,52.394001
800,18/10/2019,52.139999,52.560001,51.02,51.389999
801,21/10/2019,51.666,51.900002,50.035999,50.700001
802,22/10/2019,50.863998,51.666,50.169998,51.116001
803,23/10/2019,50.900002,51.228001,50.27,50.936001
804,24/10/2019,59.674,60.986,57.84,59.936001
805,25/10/2019,59.543999,66,59.222,65.625999
806,28/10/2019,65.508003,68.167999,64.519997,65.542
807,29/10/2019,63.998001,64.860001,62.950001,63.243999
808,30/10/2019,62.599998,63.757999,61.993999,63.001999
809,31/10/2019,62.619999,63.799999,62.599998,62.984001
810,01/11/2019,63.264,63.296001,61.959999,62.661999
811,04/11/2019,62.959999,64.388,61.852001,63.493999
812,05/11/2019,63.924,64.702003,63.223999,63.444
813,06/11/2019,63.599998,65.344002,62.900002,65.316002
814,07/11/2019,65.828003,68.300003,65.603996,67.108002
815,08/11/2019,66.900002,67.491997,66.5,67.428001
816,11/11/2019,68.790001,69.837997,68.400002,69.017998
817,12/11/2019,69.379997,70.073997,68.807999,69.986
818,13/11/2019,71,71.265999,69.036003,69.222
819,14/11/2019,69.222,70.767998,68.582001,69.870003
820,15/11/2019,70.127998,70.559998,69.671997,70.433998
821,18/11/2019,70.584,70.629997,69.220001,69.998001
822,19/11/2019,70.349998,71.998001,69.559998,71.903999
823,20/11/2019,72,72.239998,69.914001,70.444
824,21/11/2019,70.902,72.167999,70.800003,70.966003
825,22/11/2019,68.031998,68.199997,66,66.608002
826,25/11/2019,68.863998,68.914001,66.891998,67.267998
827,26/11/2019,67.054001,67.099998,65.419998,65.783997
828,27/11/2019,66.223999,66.786003,65.713997,66.258003
829,29/11/2019,66.222,66.251999,65.5,65.987999
830,02/12/2019,65.879997,67.276001,65.737999,66.973999
831,03/12/2019,66.524002,67.582001,66.438004,67.239998
832,04/12/2019,67.550003,67.571999,66.57,66.606003
833,05/12/2019,66.566002,66.884003,65.449997,66.073997
834,06/12/2019,67,67.772003,66.954002,67.178001
835,09/12/2019,67.318001,68.889999,67.015999,67.905998
836,10/12/2019,67.991997,70.146004,67.862,69.767998
837,11/12/2019,70.375999,71.438004,70.218002,70.540001
838,12/12/2019,70.984001,72.547997,70.646004,71.935997
839,13/12/2019,72.209999,73.042,70.928001,71.678001
840,16/12/2019,72.510002,76.722,72.5,76.300003
841,17/12/2019,75.797997,77.099998,75.18,75.797997
842,18/12/2019,76.125999,79.043999,76.115997,78.629997
843,19/12/2019,79.463997,81.370003,79.300003,80.807999
844,20/12/2019,82.057999,82.599998,80.038002,81.117996
845,23/12/2019,82.356003,84.402,82,83.844002
846,24/12/2019,83.671997,85.094002,82.538002,85.050003
847,26/12/2019,85.582001,86.695999,85.269997,86.188004
848,27/12/2019,87,87.061996,85.222,86.075996
849,30/12/2019,85.758003,85.800003,81.851997,82.940002
850,31/12/2019,81,84.258003,80.416,83.666
851,02/01/2020,84.900002,86.139999,84.342003,86.052002
852,03/01/2020,88.099998,90.800003,87.384003,88.601997
853,06/01/2020,88.094002,90.311996,88,90.307999
854,07/01/2020,92.279999,94.325996,90.671997,93.811996
855,08/01/2020,94.739998,99.697998,93.646004,98.428001
856,09/01/2020,99.419998,99.760002,94.573997,96.267998
857,10/01/2020,96.358002,96.987999,94.739998,95.629997
858,13/01/2020,98.699997,105.125999,98.400002,104.972
859,14/01/2020,108.851997,109.482002,104.980003,107.584
860,15/01/2020,105.952003,107.568001,103.358002,103.699997
861,16/01/2020,98.75,102.891998,98.433998,102.697998
862,17/01/2020,101.522003,103.134003,100.632004,102.099998
863,21/01/2020,106.050003,109.716003,105.681999,109.440002
864,22/01/2020,114.377998,118.900002,111.82,113.912003
865,23/01/2020,112.849998,116.400002,111.120003,114.440002
866,24/01/2020,114.125999,114.772003,110.851997,112.963997
867,27/01/2020,108.398003,112.888,107.856003,111.603996
868,28/01/2020,113.697998,115.362,111.615997,113.379997
869,29/01/2020,115.138,117.959999,113.486,116.197998
870,30/01/2020,126.484001,130.175995,123.599998,128.162003
871,31/01/2020,128,130.600006,126.503998,130.113998
872,03/02/2020,134.738007,157.227997,134.703995,156
873,04/02/2020,176.591995,193.798004,166.776001,177.412003
874,05/02/2020,164.651993,169.195999,140.822006,146.940002
875,06/02/2020,139.983994,159.166,137.399994,149.792007
876,07/02/2020,146.110001,153.949997,146,149.613998
877,10/02/2020,160,163.998001,150.479996,154.255997
878,11/02/2020,153.757996,156.701996,151.600006,154.876007
879,12/02/2020,155.574005,157.949997,152.673996,153.457993
880,13/02/2020,148.367996,163.600006,147,160.800003
881,14/02/2020,157.444,162.593994,157.100006,160.005997
882,18/02/2020,168.320007,172,166.472,171.679993
883,19/02/2020,184.699997,188.955994,180.203995,183.483994
884,20/02/2020,182.389999,182.399994,171.988007,179.882004
885,21/02/2020,181.395996,182.612,176.089996,180.199997
886,24/02/2020,167.800003,172.699997,164.440002,166.757996
887,25/02/2020,169.800003,171.320007,157.399994,159.981995
888,26/02/2020,156.5,162.662003,155.222,155.759995
889,27/02/2020,146,147.953995,133.800003,135.800003
890,28/02/2020,125.940002,138.104004,122.304001,133.598007
891,02/03/2020,142.251999,148.738007,137.334,148.723999
892,03/03/2020,161,161.395996,143.222,149.102005
893,04/03/2020,152.792007,153.304001,144.945999,149.899994
894,05/03/2020,144.753998,149.149994,143.613998,144.908005
895,06/03/2020,138,141.399994,136.854004,140.695999
896,09/03/2020,121.078003,132.600006,121,121.599998
897,10/03/2020,131.886002,133.600006,121.599998,129.065994
898,11/03/2020,128.039993,130.716003,122.599998,126.846001
899,12/03/2020,116.178001,118.900002,109.25,112.110001
900,13/03/2020,119,121.514,100.400002,109.323997
901,16/03/2020,93.900002,98.973999,88.433998,89.014
902,17/03/2020,88.001999,94.370003,79.199997,86.040001
903,18/03/2020,77.800003,80.972,70.101997,72.244003
904,19/03/2020,74.940002,90.400002,71.692001,85.528
905,20/03/2020,87.639999,95.400002,85.157997,85.505997
906,23/03/2020,86.720001,88.400002,82.099998,86.858002
907,24/03/2020,95.459999,102.737999,94.800003,101
908,25/03/2020,109.050003,111.400002,102.222,107.849998
909,26/03/2020,109.477997,112,102.449997,105.632004
910,27/03/2020,101,105.160004,98.806,102.872002
911,30/03/2020,102.052002,103.330002,98.246002,100.426003
912,31/03/2020,100.25,108.592003,99.400002,104.800003
913,01/04/2020,100.800003,102.790001,95.019997,96.311996
914,02/04/2020,96.206001,98.851997,89.279999,90.893997
915,03/04/2020,101.900002,103.098,93.678001,96.001999
916,06/04/2020,102.239998,104.199997,99.592003,103.248001
917,07/04/2020,109,113,106.468002,109.089996
918,08/04/2020,110.839996,111.442001,106.666,109.767998
919,09/04/2020,112.417999,115.036003,111.421997,114.599998
920,13/04/2020,118.031998,130.399994,116.106003,130.190002
921,14/04/2020,139.794006,148.376007,138.485992,141.977997
922,15/04/2020,148.399994,150.626007,142,145.966003
923,16/04/2020,143.388,151.889999,141.343994,149.042007
924,17/04/2020,154.455994,154.990005,149.531998,150.778
925,20/04/2020,146.539993,153.113998,142.442001,149.272003
926,21/04/2020,146.024002,150.666,134.757996,137.343994
927,22/04/2020,140.796005,146.800003,137.742004,146.421997
928,23/04/2020,145.520004,146.800003,140.626007,141.126007
929,24/04/2020,142.162003,146.145996,139.636002,145.029999
930,27/04/2020,147.522003,159.897995,147,159.75
931,28/04/2020,159.128006,161,151.337997,153.824005
932,29/04/2020,158.033997,160.639999,156.632004,160.102005
933,30/04/2020,171.037994,173.964005,152.699997,156.376007
934,01/05/2020,151,154.554001,136.608002,140.264008
935,04/05/2020,140.199997,152.399994,139.600006,152.238007
936,05/05/2020,157.957993,159.783997,152.436005,153.641998
937,06/05/2020,155.300003,157.960007,152.222,156.516006
938,07/05/2020,155.442001,159.279999,154.470001,156.007996
939,08/05/2020,158.753998,164.800003,157.401993,163.884003
940,11/05/2020,158.102005,164.800003,157,162.257996
941,12/05/2020,165.399994,168.658005,161.600006,161.882004
942,13/05/2020,164.166,165.199997,152.660004,158.192001
943,14/05/2020,156,160.671997,152.800003,160.666
944,15/05/2020,158.070007,161.009995,157.309998,159.834
945,18/05/2020,165.556,166.944,160.776001,162.725998
946,19/05/2020,163.033997,164.414001,161.216003,161.602005
947,20/05/2020,164.100006,165.199997,162.360001,163.112
948,21/05/2020,163.199997,166.5,159.199997,165.520004
949,22/05/2020,164.434006,166.356003,162.399994,163.376007
950,26/05/2020,166.899994,166.919998,163.141998,163.774002
951,27/05/2020,164.171997,165.542007,157,164.046005
952,28/05/2020,162.701996,164.949997,160.337997,161.162003
953,29/05/2020,161.75,167,160.841995,167
954,01/06/2020,171.600006,179.800003,170.820007,179.619995
955,02/06/2020,178.940002,181.731995,174.199997,176.311996
956,03/06/2020,177.623993,179.587997,176.020004,176.591995
957,04/06/2020,177.975998,179.149994,171.688004,172.876007
958,05/06/2020,175.567993,177.304001,173.240005,177.132004
959,08/06/2020,183.800003,190,181.832001,189.983994
960,09/06/2020,188.001999,190.888,184.785995,188.134003
961,10/06/2020,198.376007,205.496002,196.5,205.009995
962,11/06/2020,198.039993,203.792007,194.399994,194.567993
963,12/06/2020,196,197.595993,182.520004,187.056
964,15/06/2020,183.557999,199.768005,181.699997,198.179993
965,16/06/2020,202.369995,202.576004,192.477997,196.425995
966,17/06/2020,197.542007,201,196.514008,198.358002
967,18/06/2020,200.600006,203.839996,198.893997,200.792007
968,19/06/2020,202.556,203.194,198.268005,200.179993
969,22/06/2020,199.990005,201.776001,198.003998,198.863998
970,23/06/2020,199.776001,202.399994,198.802002,200.356003
971,24/06/2020,198.822006,200.175995,190.628006,192.169998
972,25/06/2020,190.854004,197.195999,187.429993,197.195999
973,26/06/2020,198.955994,199,190.973999,191.947998
974,29/06/2020,193.802002,202,189.703995,201.869995
975,30/06/2020,201.300003,217.537994,200.746002,215.962006
976,01/07/2020,216.600006,227.065994,216.100006,223.925995
977,02/07/2020,244.296005,245.600006,237.119995,241.731995
978,06/07/2020,255.337997,275.558014,253.207993,274.31601
979,07/07/2020,281.002014,285.899994,267.34201,277.971985
980,08/07/2020,281,283.451996,262.268005,273.175995
981,09/07/2020,279.39801,281.712006,270.256012,278.855988
982,10/07/2020,279.200012,309.783997,275.201996,308.929993
983,13/07/2020,331.799988,358.997986,294.221985,299.411987
984,14/07/2020,311.200012,318,286.200012,303.359985
985,15/07/2020,308.600006,310,291.399994,309.201996
986,16/07/2020,295.432007,306.34201,293.200012,300.127991
987,17/07/2020,302.690002,307.502014,298,300.167999
988,20/07/2020,303.802002,330,297.600006,328.600006
989,21/07/2020,327.985992,335,311.600006,313.671997
990,22/07/2020,319.799988,325.283997,312.399994,318.466003
991,23/07/2020,335.790009,337.799988,296.153992,302.614014
992,24/07/2020,283.201996,293,273.308014,283.399994
993,27/07/2020,287,309.588013,282.600006,307.920013
994,28/07/2020,300.799988,312.940002,294.884003,295.298004
995,29/07/2020,300.200012,306.962006,297.399994,299.821991
996,30/07/2020,297.600006,302.64801,294.200012,297.497986
997,31/07/2020,303,303.410004,284.196014,286.152008
998,03/08/2020,289.839996,301.962006,288.876007,297
999,04/08/2020,299.002014,305.481995,292.399994,297.399994
1000,05/08/2020,298.597992,299.967987,293.661987,297.003998
1001,06/08/2020,298.165985,303.462006,295.451996,297.915985
1002,07/08/2020,299.90799,299.950012,283.002014,290.541992
1003,10/08/2020,289.600006,291.5,277.167999,283.713989
1004,11/08/2020,279.200012,284,273,274.877991
1005,12/08/2020,294,317,287,310.951996
1006,13/08/2020,322.200012,330.235992,313.451996,324.200012
1007,14/08/2020,332.997986,333.76001,325.328003,330.141998
1008,17/08/2020,335.399994,369.171997,334.56601,367.127991
1009,18/08/2020,379.798004,384.779999,369.022003,377.417999
1010,19/08/2020,373,382.200012,368.242004,375.705994
1011,20/08/2020,372.135986,404.39801,371.411987,400.365997
1012,21/08/2020,408.951996,419.097992,405.01001,409.996002
1013,24/08/2020,425.256012,425.799988,385.503998,402.839996
1014,25/08/2020,394.977997,405.589996,393.600006,404.667999
1015,26/08/2020,412,433.200012,410.726013,430.634003
1016,27/08/2020,436.09201,459.119995,428.5,447.75
1017,28/08/2020,459.023987,463.697998,437.303986,442.679993
1018,31/08/2020,444.609985,500.140015,440.109985,498.320007
1019,01/09/2020,502.140015,502.48999,470.51001,475.049988
1020,02/09/2020,478.98999,479.040009,405.119995,447.369995
1021,03/09/2020,407.230011,431.799988,402,407
1022,04/09/2020,402.809998,428,372.019989,418.320007
1023,08/09/2020,356,368.73999,329.880005,330.209991
1024,09/09/2020,356.600006,369,341.51001,366.279999
1025,10/09/2020,386.209991,398.98999,360.559998,371.339996
1026,11/09/2020,381.940002,382.5,360.5,372.720001
1027,14/09/2020,380.950012,420,373.299988,419.619995
1028,15/09/2020,436.559998,461.940002,430.700012,449.76001
1029,16/09/2020,439.869995,457.790009,435.309998,441.76001
1030,17/09/2020,415.600006,437.790009,408,423.429993
1031,18/09/2020,447.940002,451,428.799988,442.149994
1032,21/09/2020,453.130005,455.679993,407.070007,449.390015
1033,22/09/2020,429.600006,437.76001,417.600006,424.230011
1034,23/09/2020,405.160004,412.149994,375.880005,380.359985
1035,24/09/2020,363.799988,399.5,351.299988,387.790009
1036,25/09/2020,393.470001,408.730011,391.299988,407.339996
1037,28/09/2020,424.619995,428.079987,415.549988,421.200012
1038,29/09/2020,416,428.5,411.600006,419.070007
1039,30/09/2020,421.320007,433.929993,420.470001,429.01001
1040,01/10/2020,440.76001,448.880005,434.420013,448.160004
1041,02/10/2020,421.390015,439.130005,415,415.089996
1042,05/10/2020,423.350006,433.640015,419.329987,425.679993
1043,06/10/2020,423.790009,428.779999,406.049988,413.980011
1044,07/10/2020,419.869995,429.899994,413.850006,425.299988
1045,08/10/2020,438.440002,439,425.299988,425.920013
1046,09/10/2020,430.130005,434.589996,426.459991,434
1047,12/10/2020,442,448.73999,438.579987,442.299988
1048,13/10/2020,443.350006,448.890015,436.600006,446.649994
1049,14/10/2020,449.779999,465.899994,447.350006,461.299988
1050,15/10/2020,450.309998,456.570007,442.5,448.880005
1051,16/10/2020,454.440002,455.950012,438.850006,439.670013
1052,19/10/2020,446.23999,447,428.869995,430.829987
1053,20/10/2020,431.75,431.75,419.049988,421.940002
1054,21/10/2020,422.700012,432.950012,421.25,422.640015
1055,22/10/2020,441.920013,445.230011,424.51001,425.790009
1056,23/10/2020,421.839996,422.890015,407.380005,420.630005
1057,26/10/2020,411.630005,425.76001,410,420.279999
1058,27/10/2020,423.76001,430.5,420.100006,424.679993
1059,28/10/2020,416.480011,418.600006,406,406.019989
1060,29/10/2020,409.959991,418.059998,406.459991,410.829987
1061,30/10/2020,406.899994,407.589996,379.109985,388.040009
1062,02/11/2020,394,406.980011,392.299988,400.51001
1063,03/11/2020,409.730011,427.769989,406.690002,423.899994
1064,04/11/2020,430.619995,435.399994,417.100006,420.980011
1065,05/11/2020,428.299988,440,424,438.089996
1066,06/11/2020,436.100006,436.570007,424.279999,429.950012
1067,09/11/2020,439.5,452.5,421,421.26001
1068,10/11/2020,420.089996,420.089996,396.029999,410.359985
1069,11/11/2020,416.450012,418.700012,410.579987,417.130005
1070,12/11/2020,415.049988,423,409.519989,411.76001
1071,13/11/2020,410.850006,412.529999,401.660004,408.5
1072,16/11/2020,408.929993,412.450012,404.089996,408.089996
1073,17/11/2020,460.170013,462,433.01001,441.609985
1074,18/11/2020,448.350006,496,443.5,486.640015
1075,19/11/2020,492,508.609985,487.570007,499.269989
1076,20/11/2020,497.98999,502.5,489.059998,489.609985
1077,23/11/2020,503.5,526,501.790009,521.849976
1078,24/11/2020,540.400024,559.98999,526.200012,555.380005
1079,25/11/2020,550.059998,574,545.369995,574
1080,27/11/2020,581.159973,598.780029,578.450012,585.76001
1081,30/11/2020,602.210022,607.799988,554.51001,567.599976
1082,01/12/2020,597.590027,597.849976,572.049988,584.76001
1083,02/12/2020,556.440002,571.539978,541.210022,568.820007
1084,03/12/2020,590.02002,598.969971,582.429993,593.380005
1085,04/12/2020,591.01001,599.039978,585.5,599.039978
1086,07/12/2020,604.919983,648.789978,603.049988,641.76001
1087,08/12/2020,625.51001,651.280029,618.5,649.880005
1088,09/12/2020,653.690002,654.320007,588,604.47998
1089,10/12/2020,574.369995,627.75,566.340027,627.070007
1090,11/12/2020,615.01001,624,596.799988,609.98999
1091,14/12/2020,619,642.75,610.200012,639.830017
1092,15/12/2020,643.280029,646.900024,623.799988,633.25
1093,16/12/2020,628.22998,632.5,605,622.77002
1094,17/12/2020,628.190002,658.820007,619.5,655.900024
1095,18/12/2020,668.900024,695,628.539978,695
1096,21/12/2020,666.23999,668.5,646.070007,649.859985
1097,22/12/2020,648,649.880005,614.22998,640.340027
1098,23/12/2020,632.200012,651.5,622.570007,645.97998
1099,24/12/2020,642.98999,666.090027,641,661.77002
1100,28/12/2020,674.51001,681.400024,660.799988,663.690002
1101,29/12/2020,661,669.900024,655,665.98999
1102,30/12/2020,672,696.599976,668.359985,694.780029
1103,31/12/2020,699.98999,718.719971,691.119995,705.669983
1104,04/01/2021,719.460022,744.48999,717.190002,729.77002
1105,05/01/2021,723.659973,740.840027,719.200012,735.109985
1106,06/01/2021,758.48999,774,749.099976,755.97998
1107,07/01/2021,777.630005,816.98999,775.200012,816.039978
1108,08/01/2021,856,884.48999,838.390015,880.02002
1109,11/01/2021,849.400024,854.429993,803.619995,811.190002
1110,12/01/2021,831,868,827.340027,849.440002
1111,13/01/2021,852.76001,860.469971,832,854.409973
1112,14/01/2021,843.390015,863,838.75,845
1113,15/01/2021,852,859.900024,819.099976,826.159973
1114,19/01/2021,837.799988,850,833,844.549988
1115,20/01/2021,858.73999,859.5,837.280029,850.450012
1116,21/01/2021,855,855.719971,841.419983,844.98999
1117,22/01/2021,834.309998,848,828.619995,846.640015
1118,25/01/2021,855,900.400024,838.820007,880.799988
1119,26/01/2021,891.380005,895.900024,871.599976,883.090027
1120,27/01/2021,870.349976,891.5,858.659973,864.159973
1121,28/01/2021,820,848,801,835.429993
1122,29/01/2021,830,842.409973,780.099976,793.530029
1123,01/02/2021,814.289978,842,795.559998,839.809998
1124,02/02/2021,844.679993,880.5,842.200012,872.789978
1125,03/02/2021,877.02002,878.080017,853.059998,854.690002
1126,04/02/2021,855,856.5,833.419983,849.98999
1127,05/02/2021,845,864.77002,838.969971,852.22998
1128,08/02/2021,869.669983,877.77002,854.75,863.419983
1129,09/02/2021,855.119995,859.799988,841.75,849.460022
1130,10/02/2021,843.640015,844.820007,800.02002,804.820007
1131,11/02/2021,812.440002,829.880005,801.72998,811.659973
1132,12/02/2021,801.26001,817.330017,785.330017,816.119995
1133,16/02/2021,818,821,792.440002,796.219971
1134,17/02/2021,779.090027,799.840027,762.01001,798.150024
1135,18/02/2021,780.900024,794.690002,776.27002,787.380005
1136,19/02/2021,795,796.789978,777.369995,781.299988
1137,22/02/2021,762.640015,768.5,710.200012,714.5
1138,23/02/2021,662.130005,713.609985,619,698.840027
1139,24/02/2021,711.849976,745,694.169983,742.02002
1140,25/02/2021,726.150024,737.210022,670.580017,682.219971
1141,26/02/2021,700,706.700012,659.51001,675.5
1142,01/03/2021,690.109985,719,685.049988,718.429993
1143,02/03/2021,718.280029,721.109985,685,686.440002
1144,03/03/2021,687.98999,700.700012,651.710022,653.200012
1145,04/03/2021,655.799988,668.450012,600,621.440002
1146,05/03/2021,626.059998,627.840027,539.48999,597.950012
1147,08/03/2021,600.549988,620.130005,558.789978,563
1148,09/03/2021,608.179993,678.090027,595.210022,673.580017
1149,10/03/2021,700.299988,717.849976,655.059998,668.059998
1150,11/03/2021,699.400024,702.5,677.179993,699.599976
1151,12/03/2021,670,694.880005,666.140015,693.72998
1152,15/03/2021,694.090027,713.179993,684.039978,707.940002
1153,16/03/2021,703.349976,707.919983,671,676.880005
1154,17/03/2021,656.869995,703.72998,651.01001,701.809998
1155,18/03/2021,684.289978,689.22998,652,653.159973
1156,19/03/2021,646.599976,657.22998,624.619995,654.869995
1157,22/03/2021,684.590027,699.619995,668.75,670
1158,23/03/2021,675.77002,677.799988,657.51001,662.159973
1159,24/03/2021,667.909973,668.02002,630.109985,630.27002
1160,25/03/2021,613,645.5,609.5,640.390015
1161,26/03/2021,641.869995,643.820007,599.890015,618.710022
1162,29/03/2021,615.640015,616.47998,596.02002,611.289978
1163,30/03/2021,601.75,637.659973,591.01001,635.619995
1164,31/03/2021,646.619995,672,641.109985,667.929993
1165,01/04/2021,688.369995,692.419983,659.419983,661.75
1166,05/04/2021,707.710022,708.159973,684.700012,691.049988
1167,06/04/2021,690.299988,696.549988,681.369995,691.619995
1168,07/04/2021,687,691.380005,667.840027,670.969971
1169,08/04/2021,677.380005,689.549988,671.650024,683.799988
1170,09/04/2021,677.77002,680.969971,669.429993,677.02002
1171,12/04/2021,685.700012,704.799988,682.090027,701.97998
1172,13/04/2021,712.700012,763,710.659973,762.320007
1173,14/04/2021,770.700012,780.789978,728.030029,732.22998
1174,15/04/2021,743.099976,743.690002,721.309998,738.849976
1175,16/04/2021,728.650024,749.409973,724.599976,739.780029
1176,19/04/2021,719.599976,725.400024,691.799988,714.630005
1177,20/04/2021,717.419983,737.25,710.690002,718.98999
1178,21/04/2021,704.77002,744.840027,698,744.119995
1179,22/04/2021,741.5,753.77002,718.039978,719.690002
1180,23/04/2021,719.799988,737.359985,715.460022,729.400024
1181,26/04/2021,741,749.299988,732.609985,738.200012
1182,27/04/2021,717.960022,724,703.349976,704.73999
1183,28/04/2021,696.409973,708.5,693.599976,694.400024
1184,29/04/2021,699.51001,702.25,668.5,677
1185,30/04/2021,667.590027,715.469971,666.140015,709.440002
1186,03/05/2021,703.799988,706,680.5,684.900024
1187,04/05/2021,678.940002,683.450012,657.700012,673.599976
1188,05/05/2021,681.059998,685.299988,667.340027,670.940002
1189,06/05/2021,680.76001,681.02002,650,663.539978
1190,07/05/2021,665.799988,690,660.219971,672.369995
1191,10/05/2021,664.900024,665.049988,627.609985,629.039978
1192,11/05/2021,599.23999,627.099976,595.599976,617.200012
1193,12/05/2021,602.48999,620.409973,586.77002,589.890015
1194,13/05/2021,601.539978,606.460022,559.650024,571.690002
1195,14/05/2021,583.409973,592.869995,570.460022,589.73999
1196,17/05/2021,575.549988,589.72998,561.200012,576.830017
1197,18/05/2021,568,596.25,563.380005,577.869995
1198,19/05/2021,552.549988,566.210022,546.97998,563.460022
1199,20/05/2021,575,588.849976,571.070007,586.780029
1200,21/05/2021,596.109985,596.679993,580,580.880005
1201,24/05/2021,581.599976,614.47998,573.650024,606.440002
1202,25/05/2021,607.309998,613.98999,595.710022,604.690002
1203,26/05/2021,607.559998,626.169983,601.5,619.130005
1204,27/05/2021,620.23999,631.130005,616.210022,630.849976
1205,28/05/2021,628.5,635.590027,622.380005,625.219971
1206,01/06/2021,627.799988,633.799988,620.549988,623.900024
1207,02/06/2021,620.130005,623.359985,599.140015,605.119995
1208,03/06/2021,601.799988,604.549988,571.219971,572.840027
1209,04/06/2021,579.710022,600.609985,577.200012,599.049988
1210,07/06/2021,591.830017,610,582.880005,605.130005
1211,08/06/2021,623.01001,623.090027,595.5,603.590027
1212,09/06/2021,602.169983,611.789978,597.630005,598.780029
1213,10/06/2021,603.880005,616.590027,600.5,610.119995
1214,11/06/2021,610.22998,612.559998,601.52002,609.890015
1215,14/06/2021,612.22998,625.48999,609.179993,617.690002
1216,15/06/2021,616.690002,616.789978,598.22998,599.359985
1217,16/06/2021,597.539978,608.5,593.5,604.869995
1218,17/06/2021,601.890015,621.469971,601.340027,616.599976
1219,18/06/2021,613.369995,628.349976,611.799988,623.309998
1220,21/06/2021,624.47998,631.390015,608.880005,620.830017
1221,22/06/2021,618.25,628.570007,615.5,623.710022
1222,23/06/2021,632,657.200012,630.039978,656.570007
1223,24/06/2021,674.98999,697.619995,667.609985,679.820007
1224,25/06/2021,689.580017,693.809998,668.700012,671.869995
1225,28/06/2021,671.640015,694.700012,670.320007,688.719971
1226,29/06/2021,684.650024,687.51001,675.890015,680.76001
1227,30/06/2021,679.77002,692.809998,678.140015,679.700012
1228,01/07/2021,683.919983,687.98999,672.799988,677.919983
1229,02/07/2021,678.97998,700,673.26001,678.900024
1230,06/07/2021,681.710022,684,651.400024,659.580017
1231,07/07/2021,664.27002,665.700012,638.320007,644.650024
1232,08/07/2021,628.369995,654.429993,620.460022,652.809998
1233,09/07/2021,653.179993,658.909973,644.690002,656.950012
1234,12/07/2021,662.200012,687.23999,662.159973,685.700012
1235,13/07/2021,686.320007,693.280029,666.299988,668.539978
1236,14/07/2021,670.75,678.609985,652.840027,653.380005
1237,15/07/2021,658.390015,666.140015,637.880005,650.599976
1238,16/07/2021,654.679993,656.700012,642.200012,644.219971
1239,19/07/2021,629.890015,647.200012,621.289978,646.219971
1240,20/07/2021,651.98999,662.390015,640.5,660.5
1241,21/07/2021,659.609985,664.859985,650.289978,655.289978
1242,22/07/2021,656.440002,662.169983,644.599976,649.26001
1243,23/07/2021,646.359985,648.799988,637.299988,643.380005
1244,26/07/2021,650.969971,668.200012,647.109985,657.619995
1245,27/07/2021,663.400024,666.5,627.23999,644.780029
1246,28/07/2021,647,654.969971,639.400024,646.97998
1247,29/07/2021,649.789978,683.690002,648.799988,677.349976
1248,30/07/2021,671.76001,697.530029,669,687.200012
1249,02/08/2021,700,726.940002,698.400024,709.669983
1250,03/08/2021,719,722.650024,701.01001,709.73999
1251,04/08/2021,711,724.900024,708.929993,710.919983
1252,05/08/2021,716,720.950012,711.409973,714.630005
1253,06/08/2021,711.900024,716.330017,697.630005,699.099976
1254,09/08/2021,710.169983,719.030029,705.130005,713.76001
1255,10/08/2021,713.98999,716.590027,701.880005,709.98999
1256,11/08/2021,712.710022,715.179993,704.210022,707.820007
1257,12/08/2021,706.340027,722.799988,699.400024,722.25
1258,13/08/2021,723.710022,729.900024,714.340027,717.169983
